Step,Node_Index,R,G,B,diffR,diffG,diffB
0,0,225.448,53.897,150.734,0.0,0.0,0.0
0,1,100.797,179.831,11.391,0.0,0.0,0.0
0,2,83.376,212.205,118.235,0.0,0.0,0.0
0,3,227.706,201.163,241.263,0.0,0.0,0.0
0,4,213.7,70.293,208.671,0.0,0.0,0.0
0,5,28.115,182.196,70.676,0.0,0.0,0.0
0,6,22.401,220.088,204.538,0.0,0.0,0.0
0,7,121.982,205.568,146.832,0.0,0.0,0.0
0,8,107.078,161.814,109.102,0.0,0.0,0.0
0,9,163.3,155.207,26.886,0.0,0.0,0.0
0,10,228.808,179.698,170.867,0.0,0.0,0.0
0,11,77.108,6.194,199.535,0.0,0.0,0.0
0,12,225.625,65.621,163.115,0.0,0.0,0.0
0,13,61.215,43.262,109.945,0.0,0.0,0.0
0,14,153.183,119.007,210.162,0.0,0.0,0.0
0,15,39.418,225.465,82.796,0.0,0.0,0.0
0,16,53.911,183.608,217.593,0.0,0.0,0.0
0,17,231.149,3.761,59.258,0.0,0.0,0.0
0,18,152.901,120.953,59.71,0.0,0.0,0.0
0,19,78.778,4.49,164.446,0.0,0.0,0.0
0,20,125.021,144.579,80.832,0.0,0.0,0.0
0,21,207.955,168.178,234.306,0.0,0.0,0.0
0,22,91.915,228.833,117.565,0.0,0.0,0.0
0,23,167.46,79.151,224.345,0.0,0.0,0.0
0,24,14.784,2.133,123.432,0.0,0.0,0.0
0,25,108.162,7.277,223.642,0.0,0.0,0.0
0,26,215.319,119.041,138.59,0.0,0.0,0.0
0,27,129.295,197.392,225.984,0.0,0.0,0.0
0,28,57.866,214.431,173.032,0.0,0.0,0.0
0,29,184.384,75.631,134.803,0.0,0.0,0.0
0,30,40.964,92.08,11.195,0.0,0.0,0.0
0,31,37.189,179.409,132.282,0.0,0.0,0.0
0,32,157.394,15.891,214.074,0.0,0.0,0.0
0,33,89.645,12.932,124.122,0.0,0.0,0.0
0,34,188.432,117.733,19.68,0.0,0.0,0.0
0,35,193.401,34.985,234.023,0.0,0.0,0.0
0,36,6.724,50.81,226.222,0.0,0.0,0.0
0,37,75.608,233.903,141.575,0.0,0.0,0.0
0,38,147.173,81.789,219.965,0.0,0.0,0.0
0,39,28.869,42.961,179.955,0.0,0.0,0.0
0,40,223.623,205.556,218.216,0.0,0.0,0.0
0,41,39.524,23.357,106.869,0.0,0.0,0.0
0,42,0.074,41.29,125.563,0.0,0.0,0.0
0,43,206.868,139.554,118.203,0.0,0.0,0.0
0,44,222.271,105.47,116.43,0.0,0.0,0.0
0,45,80.262,37.514,192.953,0.0,0.0,0.0
0,46,61.052,102.924,221.589,0.0,0.0,0.0
0,47,102.012,221.504,138.521,0.0,0.0,0.0
0,48,221.829,109.322,187.115,0.0,0.0,0.0
0,49,21.303,164.705,126.29,0.0,0.0,0.0
0,50,147.351,1.371,24.179,0.0,0.0,0.0
0,51,152.354,14.128,198.081,0.0,0.0,0.0
0,52,76.859,224.595,67.816,0.0,0.0,0.0
0,53,157.473,69.442,24.363,0.0,0.0,0.0
0,54,49.908,217.736,195.078,0.0,0.0,0.0
0,55,153.181,214.662,209.882,0.0,0.0,0.0
0,56,205.541,177.655,182.149,0.0,0.0,0.0
0,57,53.176,126.517,188.685,0.0,0.0,0.0
0,58,216.255,129.847,26.853,0.0,0.0,0.0
0,59,167.226,20.388,71.669,0.0,0.0,0.0
0,60,176.833,83.629,34.325,0.0,0.0,0.0
0,61,56.741,89.055,21.841,0.0,0.0,0.0
0,62,112.448,30.682,122.958,0.0,0.0,0.0
0,63,218.921,98.67,25.732,0.0,0.0,0.0
0,64,4.851,199.421,227.394,0.0,0.0,0.0
0,65,13.439,105.614,88.983,0.0,0.0,0.0
0,66,70.681,231.726,68.815,0.0,0.0,0.0
0,67,203.791,103.238,14.351,0.0,0.0,0.0
0,68,75.408,134.691,44.049,0.0,0.0,0.0
0,69,167.636,183.284,20.321,0.0,0.0,0.0
0,70,36.568,68.734,136.963,0.0,0.0,0.0
0,71,144.737,2.98,59.282,0.0,0.0,0.0
0,72,84.172,12.513,214.655,0.0,0.0,0.0
0,73,206.377,163.438,177.313,0.0,0.0,0.0
0,74,5.802,12.522,235.252,0.0,0.0,0.0
0,75,40.205,79.204,218.553,0.0,0.0,0.0
0,76,169.062,178.117,27.254,0.0,0.0,0.0
0,77,136.696,210.356,194.011,0.0,0.0,0.0
0,78,190.648,225.666,185.065,0.0,0.0,0.0
0,79,5.716,77.024,229.74,0.0,0.0,0.0
0,80,128.216,214.883,67.483,0.0,0.0,0.0
0,81,157.935,21.981,131.504,0.0,0.0,0.0
0,82,108.621,238.438,105.896,0.0,0.0,0.0
0,83,103.365,131.131,12.721,0.0,0.0,0.0
0,84,195.431,148.078,254.461,0.0,0.0,0.0
0,85,161.937,164.218,48.517,0.0,0.0,0.0
0,86,106.706,235.6,21.248,0.0,0.0,0.0
0,87,135.733,70.001,70.189,0.0,0.0,0.0
0,88,15.47,18.467,43.122,0.0,0.0,0.0
0,89,114.364,35.556,148.599,0.0,0.0,0.0
0,90,105.072,4.174,111.796,0.0,0.0,0.0
0,91,144.607,172.489,141.477,0.0,0.0,0.0
0,92,20.34,158.36,115.452,0.0,0.0,0.0
0,93,254.953,201.522,68.702,0.0,0.0,0.0
0,94,96.501,157.397,195.661,0.0,0.0,0.0
0,95,177.725,213.761,254.149,0.0,0.0,0.0
0,96,11.32,228.473,52.56,0.0,0.0,0.0
0,97,187.86,137.646,130.007,0.0,0.0,0.0
0,98,245.475,189.172,184.369,0.0,0.0,0.0
0,99,161.609,72.442,192.399,0.0,0.0,0.0
100,0,227.341,220.14,213.851,-1.893,-166.243,-63.117
100,1,222.191,228.729,205.627,-121.394,-48.898,-194.236
100,2,227.267,228.398,210.692,-143.891,-16.193,-92.457
100,3,235.207,215.552,200.883,-7.501,-14.389,40.38
100,4,235.394,206.971,195.22,-21.694,-136.678,13.451
100,5,215.365,182.171,130.497,-187.25,0.025,-59.821
100,6,212.429,179.75,126.575,-190.028,40.338,77.963
100,7,208.374,173.475,112.833,-86.392,32.093,33.999
100,8,192.418,159.604,92.232,-85.34,2.21,16.87
100,9,191.844,155.363,70.768,-28.544,-0.156,-43.882
100,10,225.472,228.697,215.356,3.336,-48.999,-44.489
100,11,212.628,219.694,212.869,-135.52,-213.5,-13.334
100,12,214.704,219.835,208.423,10.921,-154.214,-45.308
100,13,212.155,210.62,194.806,-150.94,-167.358,-84.861
100,14,224.692,206.342,193.529,-71.509,-87.335,16.633
100,15,211.017,182.766,135.927,-171.599,42.699,-53.131
100,16,208.509,174.442,121.398,-154.598,9.166,96.195
100,17,209.708,159.226,106.799,21.441,-155.465,-47.541
100,18,202.218,136.712,85.72,-49.317,-15.759,-26.01
100,19,190.952,121.08,83.746,-112.174,-116.59,80.7
100,20,198.87,221.25,203.738,-73.849,-76.671,-122.906
100,21,206.051,222.364,209.007,1.904,-54.186,25.299
100,22,196.527,221.784,203.221,-104.612,7.049,-85.656
100,23,203.12,210.456,195.379,-35.66,-131.305,28.966
100,24,206.339,203.538,190.575,-191.555,-201.405,-67.143
100,25,194.893,181.799,154.79,-86.731,-174.522,68.852
100,26,204.34,152.435,115.828,10.979,-33.394,22.762
100,27,208.659,144.92,104.527,-79.364,52.472,121.457
100,28,193.328,133.231,87.59,-135.462,81.2,85.442
100,29,199.985,122.114,81.895,-15.601,-46.483,52.908
100,30,185.478,216.228,193.755,-144.514,-124.148,-182.56
100,31,184.64,219.908,204.346,-147.451,-40.499,-72.064
100,32,189.136,212.761,203.592,-31.742,-196.87,10.482
100,33,189.116,206.822,197.518,-99.471,-193.89,-73.396
100,34,181.303,191.668,176.498,7.129,-73.935,-156.818
100,35,187.619,168.151,161.061,5.782,-133.166,72.962
100,36,197.964,146.546,117.982,-191.24,-95.736,108.24
100,37,195.301,136.883,98.541,-119.693,97.02,43.034
100,38,193.517,112.058,93.107,-46.344,-30.269,126.858
100,39,182.418,104.474,89.001,-153.549,-61.513,90.954
100,40,167.385,210.96,196.625,56.238,-5.404,21.591
100,41,164.027,205.572,195.731,-124.503,-182.215,-88.862
100,42,169.598,207.907,200.97,-169.524,-166.617,-75.407
100,43,178.76,209.59,197.438,28.108,-70.036,-79.235
100,44,168.929,187.065,180.008,53.342,-81.595,-63.578
100,45,179.336,148.72,150.535,-99.074,-111.206,42.418
100,46,166.241,119.003,136.199,-105.189,-16.079,85.39
100,47,178.349,118.672,111.285,-76.337,102.832,27.236
100,48,188.173,106.955,95.623,33.656,2.367,91.492
100,49,177.997,106.608,87.199,-156.694,58.097,39.091
100,50,124.694,150.143,156.295,22.657,-148.772,-132.116
100,51,125.199,157.752,171.258,27.155,-143.624,26.823
100,52,97.29,178.986,154.896,-20.431,45.609,-87.08
100,53,107.817,164.824,157.978,49.656,-95.382,-133.615
100,54,92.631,174.88,182.407,-42.723,42.856,12.671
100,55,139.731,133.62,155.996,13.45,81.042,53.886
100,56,155.496,113.362,144.14,50.045,64.293,38.009
100,57,162.831,90.565,136.333,-109.655,35.952,52.352
100,58,178.312,75.921,128.694,37.943,53.926,-101.841
100,59,179.691,53.864,125.462,-12.465,-33.476,-53.793
100,60,92.106,126.313,132.161,84.727,-42.684,-97.836
100,61,77.068,129.683,135.613,-20.327,-40.628,-113.772
100,62,79.453,123.906,151.15,32.995,-93.224,-28.192
100,63,88.823,132.318,147.595,130.098,-33.648,-121.863
100,64,78.899,162.222,184.525,-74.048,37.199,42.869
100,65,116.855,114.638,148.362,-103.416,-9.024,-59.379
100,66,136.483,102.071,155.012,-65.802,129.655,-86.197
100,67,151.91,79.014,146.012,51.881,24.224,-131.661
100,68,151.937,71.252,143.906,-76.529,63.439,-99.857
100,69,170.517,67.143,122.754,-2.881,116.141,-102.433
100,70,67.307,114.419,138.528,-30.739,-45.685,-1.565
100,71,78.611,112.159,134.607,66.126,-109.179,-75.325
100,72,74.766,117.57,154.074,9.406,-105.057,60.581
100,73,84.704,130.913,155.767,121.673,32.525,21.546
100,74,71.921,128.12,171.073,-66.119,-115.598,64.179
100,75,109.624,114.967,175.264,-69.419,-35.763,43.289
100,76,139.351,90.47,153.878,29.711,87.647,-126.624
100,77,147.887,82.128,161.03,-11.191,128.228,32.981
100,78,152.767,76.869,160.331,37.881,148.797,24.734
100,79,143.663,53.002,156.149,-137.947,24.022,73.591
100,80,77.774,126.905,123.12,50.442,87.978,-55.637
100,81,79.277,105.317,140.809,78.658,-83.336,-9.305
100,82,71.449,121.074,137.643,37.172,117.364,-31.747
100,83,71.258,114.668,132.355,32.107,16.463,-119.634
100,84,86.147,114.736,161.722,109.284,33.342,92.739
100,85,109.882,116.668,172.422,52.055,47.55,-123.905
100,86,132.18,92.547,161.734,-25.474,143.053,-140.486
100,87,144.564,73.593,158.933,-8.831,-3.592,-88.744
100,88,138.015,62.122,154.82,-122.545,-43.655,-111.698
100,89,152.162,53.226,157.138,-37.798,-17.67,-8.539
100,90,74.292,46.502,104.331,30.78,-42.328,7.465
100,91,73.802,105.5,133.411,70.805,66.989,8.066
100,92,59.703,109.246,134.319,-39.363,49.114,-18.867
100,93,86.815,118.147,133.567,168.138,83.375,-64.865
100,94,76.711,106.827,154.609,19.79,50.57,41.052
100,95,116.799,119.817,201.248,60.926,93.944,52.901
100,96,103.412,108.48,176.294,-92.092,119.993,-123.734
100,97,138.268,84.005,179.219,49.592,53.641,-49.212
100,98,165.897,72.257,175.035,79.578,116.915,9.334
100,99,159.282,54.04,175.523,2.327,18.402,16.876
200,0,231.315,233.196,227.09,-3.974,-13.056,-13.239
200,1,234.149,226.53,220.793,-11.958,2.199,-15.166
200,2,233.883,223.297,215.311,-6.616,5.101,-4.619
200,3,234.696,213.632,209.398,0.511,1.92,-8.515
200,4,237.507,204.528,196.62,-2.113,2.443,-1.4
200,5,230.701,198.518,164.37,-15.336,-16.347,-33.873
200,6,214.984,192.893,113.338,-2.555,-13.143,13.237
200,7,207.888,185.743,83.12,0.486,-12.268,29.713
200,8,194.268,182.358,44.897,-1.85,-22.754,47.335
200,9,186.404,173.876,26.48,5.44,-18.513,44.288
200,10,213.513,232.805,222.136,11.959,-4.108,-6.78
200,11,214.577,225.349,216.817,-1.949,-5.655,-3.948
200,12,216.267,219.151,211.693,-1.563,0.684,-3.27
200,13,222.738,210.737,208.379,-10.583,-0.117,-13.573
200,14,222.072,193.317,192.433,2.62,13.025,1.096
200,15,224.406,189.547,168.316,-13.389,-6.781,-32.389
200,16,210.009,182.138,117.078,-1.5,-7.696,4.32
200,17,205.311,164.872,87.679,4.397,-5.646,19.12
200,18,197.191,156.56,60.967,5.027,-19.848,24.753
200,19,191.683,151.946,29.512,-0.731,-30.866,54.234
200,20,199.019,231.414,215.719,-0.149,-10.164,-11.981
200,21,204.733,224.84,213.229,1.318,-2.476,-4.222
200,22,207.031,217.872,209.697,-10.504,3.912,-6.476
200,23,208.477,203.685,197.604,-5.357,6.771,-2.225
200,24,208.414,193.286,189.863,-2.075,10.252,0.712
200,25,216.495,185.954,173.097,-21.602,-4.155,-18.307
200,26,208.787,165.518,111.726,-4.447,-13.083,4.102
200,27,206.718,153.754,91.453,1.941,-8.834,13.074
200,28,198.363,145.503,65.043,-5.035,-12.272,22.547
200,29,195.006,139.986,46.608,4.979,-17.872,35.287
200,30,184.922,228.369,208.669,0.556,-12.141,-14.914
200,31,185.41,225.496,207.891,-0.77,-5.588,-3.545
200,32,195.221,215.681,204.864,-6.085,-2.92,-1.272
200,33,191.822,197.477,187.903,-2.706,9.345,9.615
200,34,192.835,185.232,182.79,-11.532,6.436,-6.292
200,35,196.139,173.409,170.099,-8.52,-5.258,-9.038
200,36,205.232,144.04,126.043,-7.268,2.506,-8.061
200,37,196.305,141.277,86.221,-1.004,-4.394,12.32
200,38,195.83,133.495,70.53,-2.313,-21.437,22.577
200,39,194.71,129.765,52.213,-12.292,-25.291,36.788
200,40,145.857,216.294,187.311,21.528,-5.334,9.314
200,41,145.218,214.905,190.303,18.809,-9.333,5.428
200,42,145.343,206.43,193.174,24.255,1.477,7.796
200,43,158.471,188.509,177.904,20.289,21.081,19.534
200,44,158.237,176.633,172.454,10.692,10.432,7.554
200,45,165.898,158.017,158.032,13.438,-9.297,-7.497
200,46,178.787,129.218,136.812,-12.546,-10.215,-0.613
200,47,191.179,112.744,106.841,-12.83,5.928,4.444
200,48,195.507,93.834,85.017,-7.334,13.121,10.606
200,49,192.295,92.92,71.038,-14.298,13.688,16.161
200,50,105.609,186.372,149.321,19.085,-36.229,6.974
200,51,109.644,193.966,160.94,15.555,-36.214,10.318
200,52,109.206,191.999,162.125,-11.916,-13.013,-7.229
200,53,128.18,180.425,166.572,-20.363,-15.601,-8.594
200,54,133.542,173.625,169.599,-40.911,1.255,12.808
200,55,140.684,150.024,158.805,-0.953,-16.404,-2.809
200,56,155.875,117.743,131.193,-0.379,-4.381,12.947
200,57,170.052,100.99,123.83,-7.221,-10.425,12.503
200,58,189.865,79.249,110.574,-11.553,-3.328,18.12
200,59,189.924,59.645,99.561,-10.233,-5.781,25.901
200,60,79.518,161.635,124.977,12.588,-35.322,7.184
200,61,74.592,169.562,135.048,2.476,-39.879,0.565
200,62,78.438,171.487,142.084,1.015,-47.581,9.066
200,63,103.159,167.772,150.87,-14.336,-35.454,-3.275
200,64,106.925,163.682,166.861,-28.026,-1.46,17.664
200,65,117.049,141.057,158.92,-0.194,-26.419,-10.558
200,66,140.925,112.236,143.111,-4.442,-10.165,11.901
200,67,149.684,92.598,138.917,2.226,-13.584,7.095
200,68,170.173,63.219,119.089,-18.236,8.033,24.817
200,69,179.079,57.295,106.868,-8.562,9.848,15.886
200,70,59.385,147.483,110.022,7.922,-33.064,28.506
200,71,59.08,156.687,120.048,19.531,-44.528,14.559
200,72,59.119,157.366,132.2,15.647,-39.796,21.874
200,73,58.106,151.016,135.656,26.598,-20.103,20.111
200,74,76.993,151.256,158.574,-5.072,-23.136,12.499
200,75,86.81,140.54,161.787,22.814,-25.573,13.477
200,76,120.081,109.496,163.426,19.27,-19.026,-9.548
200,77,135.813,90.677,145.524,12.074,-8.549,15.506
200,78,155.576,65.766,138.191,-2.809,11.103,22.14
200,79,157.483,37.275,127.231,-13.82,15.727,28.918
200,80,43.125,123.887,84.984,34.649,3.018,38.136
200,81,41.28,128.74,99.565,37.997,-23.423,41.244
200,82,41.738,134.091,115.39,29.711,-13.017,22.253
200,83,45.357,133.07,120.702,25.901,-18.402,11.653
200,84,55.838,141.439,152.327,30.309,-26.703,9.395
200,85,76.899,122.416,176.229,32.983,-5.748,-3.807
200,86,90.512,108.362,173.287,41.668,-15.815,-11.553
200,87,118.177,80.367,173.182,26.387,-6.774,-14.249
200,88,133.977,55.352,163.468,4.038,6.77,-8.648
200,89,153.055,39.482,141.694,-0.893,13.744,15.444
200,90,43.082,81.434,78.862,31.21,-34.932,25.469
200,91,43.056,113.238,100.003,30.746,-7.738,33.408
200,92,38.282,119.51,111.872,21.421,-10.264,22.447
200,93,46.958,120.1,121.942,39.857,-1.953,11.625
200,94,56.778,115.886,162.989,19.933,-9.059,-8.38
200,95,81.428,116.206,188.428,35.371,3.611,12.82
200,96,80.106,105.179,182.872,23.306,3.301,-6.578
200,97,108.941,84.369,188.395,29.327,-0.364,-9.176
200,98,139.958,62.519,185.521,25.939,9.738,-10.486
200,99,146.119,45.182,186.421,13.163,8.858,-10.898
300,0,246.0,246.675,234.514,-14.685,-13.479,-7.424
300,1,242.745,238.508,225.808,-8.596,-11.978,-5.015
300,2,240.489,234.581,221.516,-6.606,-11.284,-6.205
300,3,238.216,226.333,211.504,-3.52,-12.701,-2.106
300,4,236.472,203.381,182.744,1.035,1.147,13.876
300,5,225.474,188.547,126.248,5.227,9.971,38.122
300,6,216.017,192.612,89.935,-1.033,0.281,23.403
300,7,211.878,194.012,76.173,-3.99,-8.269,6.947
300,8,197.707,196.597,35.879,-3.439,-14.239,9.018
300,9,195.103,201.165,24.528,-8.699,-27.289,1.952
300,10,230.713,241.952,233.376,-17.2,-9.147,-11.24
300,11,230.509,236.04,227.814,-15.932,-10.691,-10.997
300,12,230.848,229.795,218.705,-14.581,-10.644,-7.012
300,13,231.545,220.801,206.395,-8.807,-10.064,1.984
300,14,227.969,182.657,171.415,-5.897,10.66,21.018
300,15,226.574,182.341,133.17,-2.168,7.206,35.146
300,16,214.468,182.128,93.986,-4.459,0.01,23.092
300,17,210.443,180.24,73.659,-5.132,-15.368,14.02
300,18,206.959,175.424,55.249,-9.768,-18.864,5.718
300,19,200.017,181.702,31.735,-8.334,-29.756,-2.223
300,20,220.363,238.252,230.743,-21.344,-6.838,-15.024
300,21,220.122,234.169,229.967,-15.389,-9.329,-16.738
300,22,222.022,229.78,221.676,-14.991,-11.908,-11.979
300,23,217.412,194.831,186.582,-8.935,8.854,11.022
300,24,221.626,177.298,167.194,-13.212,15.988,22.669
300,25,226.584,172.358,159.796,-10.089,13.596,13.301
300,26,217.794,169.944,101.792,-9.007,-4.426,9.934
300,27,212.497,164.157,70.993,-5.779,-10.403,20.46
300,28,210.37,164.458,57.143,-12.007,-18.955,7.9
300,29,210.431,148.298,46.633,-15.425,-8.312,-0.025
300,30,208.283,234.453,229.556,-23.361,-6.084,-20.887
300,31,203.821,231.038,226.684,-18.411,-5.542,-18.793
300,32,184.509,214.34,217.466,10.712,1.341,-12.602
300,33,198.106,184.113,181.987,-6.284,13.364,5.916
300,34,208.416,173.366,168.663,-15.581,11.866,14.127
300,35,212.717,160.789,148.647,-16.578,12.62,21.452
300,36,219.435,131.658,115.8,-14.203,12.382,10.243
300,37,218.832,128.266,70.625,-22.527,13.011,15.596
300,38,211.388,129.384,56.949,-15.558,4.111,13.581
300,39,213.89,127.431,49.08,-19.18,2.334,3.133
300,40,153.533,216.547,207.135,-7.676,-0.253,-19.824
300,41,154.019,214.935,208.73,-8.801,-0.03,-18.427
300,42,126.049,211.393,191.726,19.294,-4.963,1.448
300,43,147.668,184.455,173.419,10.803,4.054,4.485
300,44,154.223,174.776,164.385,4.014,1.857,8.069
300,45,191.556,148.403,151.328,-25.658,9.614,6.704
300,46,205.726,123.98,113.984,-26.939,5.238,22.828
300,47,212.894,94.718,83.429,-21.715,18.026,23.412
300,48,218.764,85.579,69.214,-23.257,8.255,15.803
300,49,217.807,80.28,62.973,-25.512,12.64,8.065
300,50,118.975,197.54,178.913,-13.366,-11.168,-29.592
300,51,102.77,209.932,169.313,6.874,-15.966,-8.373
300,52,104.648,202.303,174.334,4.558,-10.304,-12.209
300,53,106.166,195.948,172.987,22.014,-15.523,-6.415
300,54,129.624,176.69,161.65,3.918,-3.065,7.949
300,55,139.531,157.419,143.985,1.153,-7.395,14.82
300,56,193.602,99.831,99.165,-37.727,17.912,32.028
300,57,204.321,85.336,88.041,-34.269,15.654,35.789
300,58,210.597,74.138,80.345,-20.732,5.111,30.229
300,59,209.373,54.356,68.805,-19.449,5.289,30.756
300,60,62.527,173.159,136.116,16.991,-11.524,-11.139
300,61,70.203,184.492,148.188,4.389,-14.93,-13.14
300,62,80.472,199.223,155.583,-2.034,-27.736,-13.499
300,63,86.117,192.767,154.504,17.042,-24.995,-3.634
300,64,83.596,180.516,152.552,23.329,-16.834,14.309
300,65,111.325,149.176,149.152,5.724,-8.119,9.768
300,66,129.4,115.956,143.287,11.525,-3.72,-0.176
300,67,184.591,73.802,105.193,-34.907,18.796,33.724
300,68,192.154,55.976,96.761,-21.981,7.243,22.328
300,69,200.517,42.086,88.311,-21.438,15.209,18.557
300,70,47.36,161.467,123.918,12.025,-13.984,-13.896
300,71,47.334,174.42,132.692,11.746,-17.733,-12.644
300,72,48.591,175.485,135.741,10.528,-18.119,-3.541
300,73,51.642,180.351,133.839,6.464,-29.335,1.817
300,74,58.121,156.207,158.583,18.872,-4.951,-0.009
300,75,62.904,146.876,161.786,23.906,-6.336,0.001
300,76,96.658,107.866,159.37,23.423,1.63,4.056
300,77,141.185,62.602,145.499,-5.372,28.075,0.025
300,78,167.67,43.643,126.989,-12.094,22.123,11.202
300,79,188.202,33.554,110.861,-30.719,3.721,16.37
300,80,29.018,136.73,97.025,14.107,-12.843,-12.041
300,81,28.679,151.732,111.487,12.601,-22.992,-11.922
300,82,32.788,161.654,120.743,8.95,-27.563,-5.353
300,83,40.597,153.825,129.966,4.76,-20.755,-9.264
300,84,47.27,153.828,152.103,8.568,-12.389,0.224
300,85,56.793,135.727,170.224,20.106,-13.311,6.005
300,86,83.262,105.219,177.346,7.25,3.143,-4.059
300,87,121.621,64.365,175.9,-3.444,16.002,-2.718
300,88,144.093,38.238,169.611,-10.116,17.114,-6.143
300,89,172.147,30.797,137.273,-19.092,8.685,4.421
300,90,32.046,77.051,83.81,11.036,4.383,-4.948
300,91,26.53,134.424,105.859,16.526,-21.186,-5.856
300,92,29.188,146.057,118.272,9.094,-26.547,-6.4
300,93,32.841,137.919,136.773,14.117,-17.819,-14.831
300,94,48.013,135.243,165.049,8.765,-19.357,-2.06
300,95,62.1,125.537,180.07,19.328,-9.331,8.358
300,96,83.667,89.146,192.434,-3.561,16.033,-9.562
300,97,107.753,66.443,195.297,1.188,17.926,-6.902
300,98,136.213,44.996,184.284,3.745,17.523,1.237
300,99,148.813,31.437,184.766,-2.694,13.745,1.655
400,0,246.51,244.807,235.707,-0.51,1.868,-1.193
400,1,244.052,238.302,231.403,-1.307,0.206,-5.595
400,2,245.373,230.013,215.973,-4.884,4.568,5.543
400,3,242.384,218.508,200.673,-4.168,7.825,10.831
400,4,240.682,207.865,184.893,-4.21,-4.484,-2.149
400,5,234.038,194.483,149.969,-8.564,-5.936,-23.721
400,6,226.375,199.009,122.801,-10.358,-6.397,-32.866
400,7,205.943,197.557,80.527,5.935,-3.545,-4.354
400,8,190.939,197.453,34.321,6.768,-0.856,1.558
400,9,189.359,197.92,22.038,5.744,3.245,2.49
400,10,238.739,241.118,234.506,-8.026,0.834,-1.13
400,11,233.661,233.605,231.512,-3.152,2.435,-3.698
400,12,236.59,226.243,217.924,-5.742,3.552,0.781
400,13,232.406,208.84,202.157,-0.861,11.961,4.238
400,14,232.122,192.383,183.452,-4.153,-9.726,-12.037
400,15,231.811,184.321,162.196,-5.237,-1.98,-29.026
400,16,226.737,185.471,128.913,-12.269,-3.343,-34.927
400,17,208.763,177.606,76.787,1.68,2.634,-3.128
400,18,203.235,175.149,55.07,3.724,0.275,0.179
400,19,193.531,181.196,26.82,6.486,0.506,4.915
400,20,221.75,233.216,235.089,-1.387,5.036,-4.346
400,21,222.63,230.152,232.195,-2.508,4.017,-2.228
400,22,222.521,215.126,221.303,-0.499,14.654,0.373
400,23,224.943,197.688,202.601,-7.531,-2.857,-16.019
400,24,223.332,183.98,181.608,-1.706,-6.682,-14.414
400,25,229.682,174.5,166.986,-3.098,-2.142,-7.19
400,26,220.666,163.773,134.437,-2.872,6.171,-32.645
400,27,208.479,149.708,78.646,4.018,14.449,-7.653
400,28,203.113,153.25,53.25,7.257,11.208,3.893
400,29,200.438,141.65,36.78,9.993,6.648,9.853
400,30,192.509,226.073,231.693,15.774,8.38,-2.137
400,31,192.777,218.255,228.177,11.044,12.783,-1.493
400,32,188.092,206.479,223.76,-3.583,7.861,-6.294
400,33,200.174,180.717,201.856,-2.068,3.396,-19.869
400,34,209.419,173.436,188.587,-1.003,-0.07,-19.924
400,35,217.577,156.306,161.77,-4.86,4.483,-13.123
400,36,208.952,132.725,124.265,10.483,-1.067,-8.465
400,37,212.026,125.764,79.331,6.806,2.502,-8.706
400,38,210.929,113.477,51.687,0.459,15.907,5.262
400,39,210.062,106.855,39.282,3.828,20.576,9.798
400,40,161.177,217.426,221.004,-7.644,-0.879,-13.869
400,41,168.968,212.276,221.283,-14.949,2.659,-12.553
400,42,159.201,204.025,211.709,-33.152,7.368,-19.983
400,43,176.672,180.87,197.678,-29.004,3.585,-24.259
400,44,172.508,167.114,186.635,-18.285,7.662,-22.25
400,45,193.265,144.445,160.931,-1.709,3.958,-9.603
400,46,193.62,125.773,125.572,12.106,-1.793,-11.588
400,47,201.648,98.532,86.199,11.246,-3.814,-2.77
400,48,203.757,83.716,56.583,15.007,1.863,12.631
400,49,212.095,76.408,50.354,5.712,3.872,12.619
400,50,114.345,203.349,180.789,4.63,-5.809,-1.876
400,51,112.12,208.804,179.159,-9.35,1.128,-9.846
400,52,111.431,206.979,186.217,-6.783,-4.676,-11.883
400,53,133.887,187.665,187.496,-27.721,8.283,-14.509
400,54,141.507,168.029,171.918,-11.883,8.661,-10.268
400,55,152.118,147.394,156.187,-12.587,10.025,-12.202
400,56,173.401,104.234,110.254,20.201,-4.403,-11.089
400,57,183.936,81.658,90.036,20.385,3.678,-1.995
400,58,191.835,68.11,75.524,18.762,6.028,4.821
400,59,201.655,49.19,63.064,7.718,5.166,5.741
400,60,65.696,172.156,133.658,-3.169,1.003,2.458
400,61,68.881,188.989,142.651,1.322,-4.497,5.537
400,62,71.977,199.917,149.437,8.495,-0.694,6.146
400,63,83.967,189.337,157.714,2.15,3.43,-3.21
400,64,88.058,172.768,151.128,-4.462,7.748,1.424
400,65,107.681,143.857,148.344,3.644,5.319,0.808
400,66,126.248,108.08,132.803,3.152,7.876,10.484
400,67,163.298,65.51,101.26,21.293,8.292,3.933
400,68,172.098,49.432,93.172,20.056,6.544,3.589
400,69,181.85,41.803,85.344,18.667,0.283,2.967
400,70,42.274,147.46,107.663,5.086,14.007,16.255
400,71,42.425,160.857,118.403,4.909,13.563,14.289
400,72,41.547,168.711,121.027,7.044,6.774,14.714
400,73,49.662,177.146,152.985,1.98,3.205,-19.146
400,74,58.323,142.054,179.647,-0.202,14.153,-21.064
400,75,61.033,123.7,182.919,1.871,23.176,-21.133
400,76,89.309,86.852,179.179,7.349,21.014,-19.809
400,77,110.595,60.543,166.34,30.59,2.059,-20.841
400,78,143.992,34.987,148.117,23.678,8.656,-21.128
400,79,169.918,22.725,131.067,18.284,10.829,-20.206
400,80,30.93,129.139,90.918,-1.912,7.591,6.107
400,81,29.12,142.717,101.611,-0.441,9.015,9.876
400,82,29.314,152.422,114.357,3.474,9.232,6.386
400,83,37.959,159.041,151.389,2.638,-5.216,-21.423
400,84,48.859,131.156,183.816,-1.589,22.672,-31.713
400,85,55.814,116.529,191.824,0.979,19.198,-21.6
400,86,76.052,86.971,192.791,7.21,18.248,-15.445
400,87,107.543,47.089,185.792,14.078,17.276,-9.892
400,88,122.86,32.332,177.946,21.233,5.906,-8.335
400,89,156.401,21.619,154.772,15.746,9.178,-17.499
400,90,31.553,95.034,85.095,0.493,-17.983,-1.285
400,91,28.444,125.615,97.295,-1.914,8.809,8.564
400,92,28.289,139.595,119.946,0.899,6.462,-1.674
400,93,30.807,137.84,158.15,2.034,0.079,-21.377
400,94,41.672,122.044,196.416,6.341,13.199,-31.367
400,95,52.554,105.245,209.365,9.546,20.292,-29.295
400,96,69.06,84.325,210.617,14.607,4.821,-18.183
400,97,101.474,45.516,199.536,6.279,20.927,-4.239
400,98,119.378,32.163,191.025,16.835,12.833,-6.741
400,99,148.938,19.646,181.274,-0.125,11.791,3.492
500,0,248.565,245.828,238.749,-2.055,-1.021,-3.042
500,1,246.837,242.38,235.709,-2.785,-4.078,-4.306
500,2,247.608,234.085,215.959,-2.235,-4.072,0.014
500,3,245.37,222.395,195.344,-2.986,-3.887,5.329
500,4,245.45,215.044,182.595,-4.768,-7.179,2.298
500,5,240.893,206.427,163.21,-6.855,-11.944,-13.241
500,6,229.858,206.185,135.105,-3.483,-7.176,-12.304
500,7,199.662,199.987,71.167,6.281,-2.43,9.36
500,8,189.165,197.895,35.951,1.774,-0.442,-1.63
500,9,185.193,199.742,21.743,4.166,-1.822,0.295
500,10,244.63,243.414,238.099,-5.891,-2.296,-3.593
500,11,240.632,238.84,235.418,-6.971,-5.235,-3.906
500,12,242.58,230.858,217.255,-5.99,-4.615,0.669
500,13,238.629,212.016,200.692,-6.223,-3.176,1.465
500,14,240.587,200.739,187.187,-8.465,-8.356,-3.735
500,15,239.957,192.214,171.166,-8.146,-7.893,-8.97
500,16,231.369,189.389,133.351,-4.632,-3.918,-4.438
500,17,207.624,175.519,65.565,1.139,2.087,11.222
500,18,202.509,174.344,50.188,0.726,0.805,4.882
500,19,193.361,181.155,28.753,0.17,0.041,-1.933
500,20,218.881,239.38,235.518,2.869,-6.164,-0.429
500,21,220.141,236.404,233.452,2.489,-6.252,-1.257
500,22,225.214,210.545,223.881,-2.693,4.581,-2.578
500,23,232.906,201.085,202.457,-7.963,-3.397,0.144
500,24,230.148,187.657,188.154,-6.816,-3.677,-6.546
500,25,235.6,173.958,169.534,-5.918,0.542,-2.548
500,26,225.523,146.977,136.043,-4.857,16.796,-1.606
500,27,216.063,146.247,73.425,-7.584,3.461,5.221
500,28,206.155,156.477,52.046,-3.042,-3.227,1.204
500,29,203.345,151.668,37.561,-2.907,-10.018,-0.781
500,30,182.299,231.257,228.178,10.21,-5.184,3.515
500,31,184.817,224.733,225.493,7.96,-6.478,2.684
500,32,186.128,208.968,222.13,1.964,-2.489,1.63
500,33,202.037,174.114,202.574,-1.863,6.603,-0.718
500,34,205.944,164.65,193.219,3.475,8.786,-4.632
500,35,214.577,147.802,163.924,3.0,8.504,-2.154
500,36,217.903,127.407,130.238,-8.951,5.318,-5.973
500,37,218.638,123.952,84.801,-6.612,1.812,-5.47
500,38,221.088,105.477,52.74,-10.159,8.0,-1.053
500,39,219.884,101.066,44.583,-9.822,5.789,-5.301
500,40,154.597,226.987,218.885,6.58,-9.561,2.119
500,41,163.572,220.783,216.498,5.396,-8.507,4.785
500,42,164.266,204.469,205.972,-5.065,-0.444,5.737
500,43,176.717,174.738,192.569,-0.045,6.132,5.109
500,44,176.117,158.861,186.055,-3.609,8.253,0.58
500,45,190.223,140.51,164.686,3.042,3.935,-3.755
500,46,198.419,127.902,138.744,-4.799,-2.129,-13.172
500,47,211.844,94.615,88.54,-10.196,3.917,-2.341
500,48,216.266,84.173,56.413,-12.509,-0.457,0.17
500,49,219.096,76.226,50.306,-7.001,0.182,0.048
500,50,118.64,215.267,180.526,-4.295,-11.918,0.263
500,51,121.14,216.06,180.883,-9.02,-7.256,-1.724
500,52,123.59,207.172,189.753,-12.159,-0.193,-3.536
500,53,139.092,178.389,188.311,-5.205,9.276,-0.815
500,54,143.726,164.242,180.768,-2.219,3.787,-8.85
500,55,159.211,146.998,168.753,-7.093,0.396,-12.566
500,56,172.106,117.431,127.741,1.295,-13.197,-17.487
500,57,189.049,76.949,95.042,-5.113,4.709,-5.006
500,58,200.55,60.846,77.255,-8.715,7.264,-1.731
500,59,208.703,44.524,65.627,-7.048,4.666,-2.563
500,60,82.595,188.448,135.093,-16.899,-16.292,-1.435
500,61,82.549,198.573,147.491,-13.668,-9.584,-4.84
500,62,88.334,194.079,162.926,-16.357,5.838,-13.489
500,63,94.658,186.833,173.439,-10.691,2.504,-15.725
500,64,102.618,173.041,170.726,-14.56,-0.273,-19.598
500,65,115.185,150.498,166.307,-7.504,-6.641,-17.963
500,66,131.79,117.227,149.287,-5.542,-9.147,-16.484
500,67,166.367,60.629,104.747,-3.069,4.881,-3.487
500,68,179.552,43.777,92.181,-7.454,5.655,0.991
500,69,188.771,33.987,84.637,-6.921,7.816,0.707
500,70,50.389,149.71,91.765,-8.115,-2.25,15.898
500,71,49.771,166.887,118.688,-7.346,-6.03,-0.285
500,72,53.673,175.631,137.942,-12.126,-6.92,-16.915
500,73,69.521,179.587,171.819,-19.859,-2.441,-18.834
500,74,78.661,158.823,185.12,-20.338,-16.769,-5.473
500,75,81.892,142.507,186.756,-20.859,-18.807,-3.837
500,76,95.076,94.695,181.291,-5.767,-7.843,-2.112
500,77,116.586,64.513,164.741,-5.991,-3.97,1.599
500,78,155.528,34.711,138.77,-11.536,0.276,9.347
500,79,176.447,21.681,125.537,-6.529,1.044,5.53
500,80,36.396,130.772,77.155,-5.466,-1.633,13.763
500,81,37.349,151.891,106.423,-8.229,-9.174,-4.812
500,82,42.036,161.522,129.305,-12.722,-9.1,-14.948
500,83,47.504,167.937,172.125,-9.545,-8.896,-20.736
500,84,58.984,146.01,192.028,-10.125,-14.854,-8.212
500,85,67.115,130.576,195.319,-11.301,-14.047,-3.495
500,86,86.043,92.025,192.555,-9.991,-5.054,0.236
500,87,114.53,52.744,184.518,-6.987,-5.655,1.274
500,88,128.962,35.526,178.566,-6.102,-3.194,-0.62
500,89,156.705,22.136,158.235,-0.304,-0.517,-3.463
500,90,35.834,107.246,75.166,-4.281,-12.212,9.929
500,91,31.973,131.329,91.448,-3.529,-5.714,5.847
500,92,29.792,146.739,124.438,-1.503,-7.144,-4.492
500,93,35.824,150.018,173.106,-5.017,-12.178,-14.956
500,94,49.092,135.534,200.673,-7.42,-13.49,-4.257
500,95,59.927,113.155,211.942,-7.373,-7.91,-2.577
500,96,74.014,85.931,209.854,-4.954,-1.606,0.763
500,97,104.953,50.38,198.69,-3.479,-4.864,0.846
500,98,125.711,35.598,189.442,-6.333,-3.435,1.583
500,99,152.736,19.408,181.015,-3.798,0.238,0.259
600,0,247.937,245.813,236.928,0.628,0.015,1.821
600,1,248.244,242.481,231.804,-1.407,-0.101,3.905
600,2,249.136,234.989,213.658,-1.528,-0.904,2.301
600,3,247.819,228.497,196.489,-2.449,-6.102,-1.145
600,4,246.239,221.945,183.124,-0.789,-6.901,-0.529
600,5,241.585,212.291,166.71,-0.692,-5.864,-3.5
600,6,232.407,205.806,140.644,-2.549,0.379,-5.539
600,7,196.17,202.507,66.405,3.492,-2.52,4.762
600,8,184.81,202.247,32.686,4.355,-4.352,3.265
600,9,180.913,204.338,19.451,4.28,-4.596,2.292
600,10,241.978,243.684,239.073,2.652,-0.27,-0.974
600,11,239.941,238.588,231.756,0.691,0.252,3.662
600,12,242.839,233.72,220.629,-0.259,-2.862,-3.374
600,13,241.806,220.137,198.785,-3.177,-8.121,1.907
600,14,239.934,203.519,186.341,0.653,-2.78,0.846
600,15,242.388,193.171,168.107,-2.431,-0.957,3.059
600,16,232.872,183.356,130.532,-1.503,6.033,2.819
600,17,210.484,170.406,73.253,-2.86,5.113,-7.688
600,18,197.157,175.614,47.013,5.352,-1.27,3.175
600,19,190.657,177.909,26.596,2.704,3.246,2.157
600,20,201.399,236.311,235.026,17.482,3.069,0.492
600,21,215.403,232.514,233.124,4.738,3.89,0.328
600,22,219.649,212.364,222.213,5.565,-1.819,1.668
600,23,228.223,190.527,209.985,4.683,10.558,-7.528
600,24,232.281,175.779,195.196,-2.133,11.878,-7.042
600,25,236.675,160.29,174.168,-1.075,13.668,-4.634
600,26,230.151,144.728,133.729,-4.628,2.249,2.314
600,27,217.663,143.192,78.758,-1.6,3.055,-5.333
600,28,208.765,149.342,51.601,-2.61,7.135,0.445
600,29,201.791,152.812,34.281,1.554,-1.144,3.28
600,30,171.183,231.013,229.12,11.116,0.244,-0.942
600,31,172.433,222.905,223.397,12.384,1.828,2.096
600,32,191.509,200.187,222.308,-5.381,8.781,-0.178
600,33,207.254,169.064,207.714,-5.217,5.05,-5.14
600,34,213.045,157.678,201.267,-7.101,6.972,-8.048
600,35,223.485,144.596,177.451,-8.908,3.206,-13.527
600,36,224.73,129.572,141.187,-6.827,-2.165,-10.949
600,37,223.181,122.606,90.004,-4.543,1.346,-5.203
600,38,215.974,109.456,52.458,5.114,-3.979,0.282
600,39,218.162,99.654,39.95,1.722,1.412,4.633
600,40,149.981,229.866,217.229,4.616,-2.879,1.656
600,41,156.307,225.144,215.428,7.265,-4.361,1.07
600,42,163.185,209.734,206.232,1.081,-5.265,-0.26
600,43,186.807,170.846,198.388,-10.09,3.892,-5.819
600,44,190.751,155.125,192.42,-14.634,3.736,-6.365
600,45,202.783,137.28,173.991,-12.56,3.23,-9.305
600,46,200.187,123.001,136.05,-1.768,4.901,2.694
600,47,210.035,96.257,87.353,1.809,-1.642,1.187
600,48,210.246,74.307,55.811,6.02,9.866,0.602
600,49,211.535,67.441,44.569,7.561,8.785,5.737
600,50,123.514,221.691,187.981,-4.874,-6.424,-7.455
600,51,128.933,222.716,189.022,-7.793,-6.656,-8.139
600,52,121.942,210.778,181.885,1.648,-3.606,7.868
600,53,143.771,179.775,183.75,-4.679,-1.386,4.561
600,54,153.072,163.927,182.968,-9.346,0.315,-2.2
600,55,155.952,142.427,160.215,3.259,4.571,8.538
600,56,164.218,115.967,121.959,7.888,1.464,5.782
600,57,177.797,78.376,90.123,11.252,-1.427,4.919
600,58,190.347,53.695,63.862,10.203,7.151,13.393
600,59,195.915,41.86,53.171,12.788,2.664,12.456
600,60,89.51,190.798,128.678,-6.915,-2.35,6.415
600,61,78.468,204.98,141.073,4.081,-6.407,6.418
600,62,85.155,202.643,159.294,3.179,-8.564,3.632
600,63,89.064,191.304,172.741,5.594,-4.471,0.698
600,64,105.236,172.396,168.619,-2.618,0.645,2.107
600,65,116.803,145.38,157.115,-1.618,5.118,9.192
600,66,129.696,113.21,141.281,2.094,4.017,8.006
600,67,158.423,70.0,96.787,7.944,-9.371,7.96
600,68,173.924,45.419,72.608,5.628,-1.642,19.573
600,69,182.552,35.616,65.546,6.219,-1.629,19.091
600,70,49.913,148.541,79.518,0.476,1.169,12.247
600,71,52.113,171.231,99.534,-2.342,-4.344,19.154
600,72,48.418,186.151,142.75,5.255,-10.52,-4.808
600,73,64.322,187.632,172.405,5.199,-8.045,-0.586
600,74,74.323,169.995,184.555,4.338,-11.172,0.565
600,75,91.719,134.112,180.805,-9.827,8.395,5.951
600,76,98.353,97.905,179.072,-3.277,-3.21,2.219
600,77,121.057,74.591,153.256,-4.471,-10.078,11.485
600,78,156.406,38.583,115.505,-0.878,-3.872,23.265
600,79,174.624,25.336,102.783,1.823,-3.655,22.754
600,80,44.027,129.024,66.191,-7.631,1.748,10.964
600,81,41.439,150.035,90.347,-4.09,1.856,16.076
600,82,44.923,171.626,123.191,-2.887,-10.104,6.114
600,83,42.984,179.781,176.698,4.52,-11.844,-4.573
600,84,59.583,154.674,195.239,-0.599,-8.664,-3.211
600,85,66.175,120.678,206.183,0.94,9.898,-10.864
600,86,84.762,88.421,199.391,1.281,3.604,-6.836
600,87,106.613,54.231,195.195,7.917,-1.487,-10.677
600,88,133.332,37.479,176.407,-4.37,-1.953,2.159
600,89,155.072,21.455,157.209,1.633,0.681,1.026
600,90,42.44,108.97,67.136,-6.606,-1.724,8.03
600,91,38.868,124.982,79.281,-6.895,6.347,12.167
600,92,27.586,148.56,128.719,2.206,-1.821,-4.281
600,93,33.75,154.7,176.687,2.074,-4.682,-3.581
600,94,45.873,138.397,204.168,3.219,-2.863,-3.495
600,95,60.171,106.137,219.129,-0.244,7.018,-7.187
600,96,74.894,80.055,216.178,-0.88,5.876,-6.324
600,97,99.664,49.657,206.519,5.289,0.723,-7.829
600,98,123.975,33.397,193.6,1.736,2.201,-4.158
600,99,152.478,19.868,183.914,0.258,-0.46,-2.899
700,0,245.958,247.525,240.171,1.979,-1.712,-3.243
700,1,247.66,245.673,231.71,0.584,-3.192,0.094
700,2,250.412,239.176,214.634,-1.276,-4.187,-0.976
700,3,249.58,228.097,198.051,-1.761,0.4,-1.562
700,4,247.664,217.924,183.585,-1.425,4.021,-0.461
700,5,242.343,210.064,168.402,-0.758,2.227,-1.692
700,6,231.829,203.617,138.84,0.578,2.189,1.804
700,7,201.324,200.637,75.626,-5.154,1.87,-9.221
700,8,192.793,203.737,32.052,-7.983,-1.49,0.634
700,9,188.521,207.463,17.453,-7.608,-3.125,1.998
700,10,241.485,246.351,242.096,0.493,-2.667,-3.023
700,11,242.342,243.422,232.34,-2.401,-4.834,-0.584
700,12,245.22,237.563,219.297,-2.381,-3.843,1.332
700,13,245.523,222.448,200.097,-3.717,-2.311,-1.312
700,14,243.29,203.962,186.309,-3.356,-0.443,0.032
700,15,243.28,191.506,165.434,-0.892,1.665,2.673
700,16,233.907,179.175,129.014,-1.035,4.181,1.518
700,17,217.129,168.726,85.941,-6.645,1.68,-12.688
700,18,201.886,171.869,41.035,-4.729,3.745,5.978
700,19,195.8,173.76,22.285,-5.143,4.149,4.311
700,20,204.753,239.445,239.023,-3.354,-3.134,-3.997
700,21,215.823,235.116,235.208,-0.42,-2.602,-2.084
700,22,220.162,207.92,221.778,-0.513,4.444,0.435
700,23,228.827,184.471,212.572,-0.604,6.056,-2.587
700,24,233.666,166.847,200.805,-1.385,8.932,-5.609
700,25,238.194,156.018,173.132,-1.519,4.272,1.036
700,26,234.32,144.198,128.972,-4.169,0.53,4.757
700,27,224.443,143.587,87.426,-6.78,-0.395,-8.668
700,28,209.847,141.956,46.854,-1.082,7.386,4.747
700,29,200.455,144.95,29.801,1.336,7.862,4.48
700,30,169.676,232.723,229.265,1.507,-1.71,-0.145
700,31,172.797,224.073,223.991,-0.364,-1.168,-0.594
700,32,196.557,194.263,221.996,-5.048,5.924,0.312
700,33,210.868,164.352,212.685,-3.614,4.712,-4.971
700,34,217.603,150.822,206.286,-4.558,6.856,-5.019
700,35,226.615,138.992,176.269,-3.13,5.604,1.182
700,36,228.929,127.666,133.822,-4.199,1.906,7.365
700,37,226.068,123.218,92.854,-2.887,-0.612,-2.85
700,38,214.215,112.714,48.108,1.759,-3.258,4.35
700,39,212.589,106.408,34.503,5.573,-6.754,5.447
700,40,150.722,232.047,215.943,-0.741,-2.181,1.286
700,41,156.558,226.752,214.028,-0.251,-1.608,1.4
700,42,170.488,202.444,204.875,-7.303,7.29,1.357
700,43,193.189,165.689,202.08,-6.382,5.157,-3.692
700,44,198.486,151.498,196.704,-7.735,3.627,-4.284
700,45,205.561,135.224,177.895,-2.778,2.056,-3.904
700,46,205.523,121.356,131.856,-5.336,1.645,4.194
700,47,210.639,98.823,87.374,-0.604,-2.566,-0.021
700,48,213.78,75.252,52.913,-3.534,-0.945,2.898
700,49,213.047,65.756,39.892,-1.512,1.685,4.677
700,50,124.637,223.96,186.987,-1.123,-2.269,0.994
700,51,128.562,224.001,186.76,0.371,-1.285,2.262
700,52,122.973,210.638,177.935,-1.031,0.14,3.95
700,53,143.329,180.638,180.508,0.442,-0.863,3.242
700,54,152.219,164.225,179.396,0.853,-0.298,3.572
700,55,153.468,142.278,157.955,2.484,0.149,2.26
700,56,161.249,117.963,124.08,2.969,-1.996,-2.121
700,57,174.427,84.912,93.431,3.37,-6.536,-3.308
700,58,194.727,51.96,58.676,-4.38,1.735,5.186
700,59,200.336,39.35,47.478,-4.421,2.51,5.693
700,60,89.521,191.537,119.72,-0.011,-0.739,8.958
700,61,75.011,207.711,130.463,3.457,-2.731,10.61
700,62,79.05,208.536,151.73,6.105,-5.893,7.564
700,63,86.425,197.381,170.957,2.639,-6.077,1.784
700,64,107.13,174.553,169.835,-1.894,-2.157,-1.216
700,65,119.05,144.316,155.593,-2.247,1.064,1.522
700,66,124.206,111.882,141.138,5.49,1.328,0.143
700,67,147.185,72.026,102.857,11.238,-2.026,-6.07
700,68,172.104,41.337,77.073,1.82,4.082,-4.465
700,69,187.263,31.898,66.917,-4.711,3.718,-1.371
700,70,46.915,148.102,62.062,2.998,0.439,17.456
700,71,46.789,172.839,82.925,5.324,-1.608,16.609
700,72,47.495,196.93,139.462,0.923,-10.779,3.288
700,73,60.639,196.555,171.862,3.683,-8.923,0.543
700,74,75.424,172.787,185.259,-1.101,-2.792,-0.704
700,75,96.407,131.189,179.388,-4.688,2.923,1.417
700,76,93.069,91.767,172.818,5.284,6.138,6.254
700,77,106.788,69.412,153.3,14.269,5.179,-0.044
700,78,141.723,34.693,120.718,14.683,3.89,-5.213
700,79,175.063,23.852,106.796,-0.439,1.484,-4.013
700,80,39.89,129.99,51.422,4.137,-0.966,14.769
700,81,36.594,151.188,71.12,4.845,-1.153,19.227
700,82,43.251,183.511,123.902,1.672,-11.885,-0.711
700,83,42.05,188.182,175.642,0.934,-8.401,1.056
700,84,60.213,159.277,196.039,-0.63,-4.603,-0.8
700,85,65.617,110.413,210.841,0.558,10.265,-4.658
700,86,73.706,74.052,196.736,11.056,14.369,2.655
700,87,93.58,47.199,191.487,13.033,7.032,3.708
700,88,129.77,33.113,176.339,3.562,4.366,0.068
700,89,159.883,23.296,168.884,-4.811,-1.841,-11.675
700,90,35.972,109.73,54.723,6.468,-0.76,12.413
700,91,34.131,120.999,65.092,4.737,3.983,14.189
700,92,27.586,148.56,128.719,0.0,-0.0,0.0
700,93,33.75,154.7,176.687,-0.0,-0.0,0.0
700,94,45.873,138.397,204.168,0.0,-0.0,-0.0
700,95,59.025,96.823,222.244,1.146,9.314,-3.115
700,96,66.172,68.79,214.765,8.722,11.265,1.413
700,97,91.954,44.717,206.403,7.71,4.94,0.116
700,98,126.288,31.632,196.685,-2.313,1.765,-3.085
700,99,156.135,23.502,193.948,-3.657,-3.634,-10.034
800,0,247.128,247.889,241.292,-1.17,-0.364,-1.121
800,1,248.69,246.077,233.727,-1.03,-0.404,-2.017
800,2,250.992,239.625,215.897,-0.58,-0.449,-1.263
800,3,250.627,226.441,197.14,-1.047,1.656,0.911
800,4,249.326,217.305,183.872,-1.662,0.619,-0.287
800,5,243.931,210.731,169.586,-1.588,-0.667,-1.184
800,6,232.248,204.474,139.843,-0.419,-0.857,-1.003
800,7,200.713,202.177,76.544,0.611,-1.54,-0.918
800,8,199.582,211.927,27.059,-6.789,-8.19,4.993
800,9,199.282,216.158,15.465,-10.761,-8.695,1.988
800,10,242.914,247.254,243.001,-1.429,-0.903,-0.905
800,11,242.26,242.507,232.989,0.082,0.915,-0.649
800,12,242.651,235.548,218.912,2.569,2.015,0.385
800,13,244.828,220.749,201.048,0.695,1.699,-0.951
800,14,245.503,205.001,186.393,-2.213,-1.039,-0.084
800,15,243.91,192.368,164.538,-0.63,-0.862,0.896
800,16,234.564,178.134,126.668,-0.657,1.041,2.346
800,17,218.328,171.71,87.76,-1.199,-2.984,-1.819
800,18,205.198,175.424,40.029,-3.312,-3.555,1.006
800,19,202.548,184.904,18.892,-6.748,-11.144,3.393
800,20,204.1,239.397,239.431,0.653,0.048,-0.408
800,21,212.835,233.178,233.756,2.988,1.938,1.452
800,22,216.899,207.996,221.193,3.263,-0.076,0.585
800,23,228.444,186.827,212.208,0.383,-2.356,0.364
800,24,234.88,168.147,201.18,-1.214,-1.3,-0.375
800,25,238.836,158.455,169.957,-0.642,-2.437,3.175
800,26,236.889,145.364,120.961,-2.569,-1.166,8.011
800,27,228.767,144.055,87.399,-4.324,-0.468,0.027
800,28,214.909,139.015,49.826,-5.062,2.941,-2.972
800,29,200.938,140.723,28.979,-0.483,4.227,0.822
800,30,165.577,228.488,232.483,4.099,4.235,-3.218
800,31,173.497,221.962,226.2,-0.7,2.111,-2.209
800,32,197.74,196.871,221.674,-1.183,-2.608,0.322
800,33,211.613,168.484,213.187,-0.745,-4.132,-0.502
800,34,215.929,147.41,207.084,1.674,3.412,-0.798
800,35,224.736,136.05,175.467,1.879,2.942,0.802
800,36,229.851,128.45,128.696,-0.922,-0.784,5.126
800,37,231.858,127.235,91.373,-5.79,-4.017,1.481
800,38,218.024,118.561,50.923,-3.809,-5.847,-2.815
800,39,211.497,108.532,30.597,1.092,-2.124,3.906
800,40,150.256,227.823,221.304,0.466,4.224,-5.361
800,41,155.262,224.689,218.415,1.296,2.063,-4.387
800,42,169.279,202.425,200.109,1.209,0.019,4.766
800,43,188.171,167.935,195.582,5.018,-2.246,6.498
800,44,192.639,151.008,192.859,5.847,0.49,3.845
800,45,202.283,132.11,179.258,3.278,3.114,-1.363
800,46,207.443,118.828,132.983,-1.92,2.528,-1.127
800,47,209.257,98.208,83.068,1.382,0.615,4.306
800,48,210.312,76.25,49.047,3.468,-0.998,3.866
800,49,211.315,64.117,35.813,1.732,1.639,4.079
800,50,127.087,222.386,194.658,-2.45,1.574,-7.671
800,51,130.231,223.628,190.86,-1.669,0.373,-4.1
800,52,126.177,209.639,173.232,-3.204,0.999,4.703
800,53,144.204,181.183,175.198,-0.875,-0.545,5.31
800,54,152.88,162.017,176.134,-0.661,2.208,3.262
800,55,152.739,138.32,161.016,0.729,3.958,-3.061
800,56,158.888,118.286,131.643,2.361,-0.323,-7.563
800,57,167.91,83.577,87.757,6.517,1.335,5.674
800,58,188.403,49.919,52.202,6.324,2.041,6.474
800,59,196.539,40.086,42.156,3.797,-0.736,5.322
800,60,91.468,193.39,120.726,-1.947,-1.853,-1.006
800,61,75.543,210.759,132.061,-0.532,-3.048,-1.598
800,62,80.539,211.344,152.776,-1.489,-2.808,-1.046
800,63,91.434,198.039,168.818,-5.009,-0.658,2.139
800,64,111.468,175.573,168.109,-4.338,-1.02,1.726
800,65,117.83,141.545,157.248,1.22,2.771,-1.655
800,66,122.269,113.433,144.111,1.937,-1.551,-2.973
800,67,142.783,72.58,102.724,4.402,-0.554,0.133
800,68,166.408,41.71,70.488,5.696,-0.373,6.585
800,69,184.518,30.68,63.885,2.745,1.218,3.032
800,70,46.862,147.569,63.521,0.053,0.533,-1.459
800,71,43.778,176.175,89.097,3.011,-3.336,-6.172
800,72,43.932,198.138,140.043,3.563,-1.208,-0.581
800,73,55.471,200.388,170.476,5.168,-3.833,1.386
800,74,74.824,172.249,184.525,0.6,0.538,0.734
800,75,97.22,129.698,177.38,-0.813,1.491,2.008
800,76,92.294,94.277,170.667,0.775,-2.51,2.151
800,77,103.976,67.982,151.324,2.812,1.43,1.976
800,78,139.63,31.209,117.94,2.093,3.484,2.778
800,79,173.473,22.668,105.274,1.59,1.184,1.522
800,80,39.404,125.984,51.218,0.486,4.006,0.204
800,81,35.001,146.605,74.693,1.593,4.583,-3.573
800,82,38.646,181.989,126.784,4.605,1.522,-2.882
800,83,38.352,187.105,173.343,3.698,1.077,2.299
800,84,57.275,161.432,198.38,2.938,-2.155,-2.341
800,85,65.107,112.523,211.275,0.51,-2.11,-0.434
800,86,71.891,72.766,195.294,1.815,1.286,1.442
800,87,90.832,44.951,187.553,2.748,2.248,3.934
800,88,132.114,27.76,180.359,-2.344,5.353,-4.02
800,89,166.36,20.096,176.806,-6.477,3.2,-7.922
800,90,35.959,108.951,52.622,0.013,0.779,2.101
800,91,33.174,120.799,67.428,0.957,0.2,-2.336
800,92,27.446,148.108,126.944,0.14,0.452,1.775
800,93,30.88,155.623,174.224,2.87,-0.923,2.463
800,94,44.048,140.767,206.252,1.825,-2.37,-2.084
800,95,57.184,100.574,223.545,1.841,-3.751,-1.301
800,96,64.183,68.114,212.595,1.989,0.676,2.17
800,97,90.885,43.312,203.516,1.069,1.405,2.887
800,98,134.235,27.276,200.049,-7.947,4.356,-3.364
800,99,163.736,20.402,201.01,-7.601,3.1,-7.062
900,0,247.757,248.365,242.367,-0.629,-0.476,-1.075
900,1,250.337,245.904,233.103,-1.647,0.173,0.624
900,2,251.665,239.645,215.817,-0.673,-0.02,0.08
900,3,251.273,227.36,196.876,-0.646,-0.919,0.264
900,4,250.275,216.975,184.061,-0.949,0.33,-0.189
900,5,244.945,212.826,169.224,-1.014,-2.095,0.362
900,6,232.974,205.333,140.497,-0.726,-0.859,-0.654
900,7,200.705,204.007,78.4,0.008,-1.83,-1.856
900,8,196.515,216.013,25.667,3.067,-4.086,1.392
900,9,196.597,220.439,14.146,2.685,-4.281,1.319
900,10,243.66,248.011,244.7,-0.746,-0.757,-1.699
900,11,242.275,243.817,235.027,-0.015,-1.31,-2.038
900,12,242.831,235.145,218.255,-0.18,0.403,0.657
900,13,245.763,219.153,201.024,-0.935,1.596,0.024
900,14,246.842,205.698,186.923,-1.339,-0.697,-0.53
900,15,244.249,192.872,166.039,-0.339,-0.504,-1.501
900,16,232.866,179.248,126.704,1.698,-1.114,-0.036
900,17,217.232,172.361,88.398,1.096,-0.651,-0.638
900,18,205.757,177.179,40.685,-0.559,-1.755,-0.656
900,19,197.652,184.947,15.664,4.896,-0.043,3.228
900,20,207.074,240.742,241.03,-2.974,-1.345,-1.599
900,21,210.504,231.762,232.881,2.331,1.416,0.875
900,22,216.651,208.123,220.764,0.248,-0.127,0.429
900,23,227.485,185.946,212.695,0.959,0.881,-0.487
900,24,235.87,164.569,204.916,-0.99,3.578,-3.736
900,25,238.654,158.19,168.458,0.182,0.265,1.499
900,26,236.747,145.709,121.441,0.142,-0.345,-0.48
900,27,230.061,142.194,87.798,-1.294,1.861,-0.399
900,28,208.651,138.944,45.03,6.258,0.071,4.796
900,29,196.393,139.092,25.151,4.545,1.631,3.828
900,30,163.843,226.42,234.051,1.734,2.068,-1.568
900,31,173.627,222.284,226.862,-0.13,-0.322,-0.662
900,32,198.112,196.472,221.819,-0.372,0.399,-0.145
900,33,214.2,163.604,215.309,-2.587,4.88,-2.122
900,34,218.809,144.685,211.671,-2.88,2.725,-4.587
900,35,226.845,134.388,178.915,-2.109,1.662,-3.448
900,36,232.082,127.763,123.764,-2.231,0.687,4.932
900,37,234.503,124.144,91.097,-2.645,3.091,0.276
900,38,221.136,117.215,52.381,-3.112,1.346,-1.458
900,39,205.467,110.346,28.101,6.03,-1.814,2.496
900,40,148.437,226.365,224.901,1.819,1.458,-3.597
900,41,154.491,224.398,217.861,0.771,0.291,0.554
900,42,170.055,202.069,199.832,-0.776,0.356,0.277
900,43,188.95,169.029,195.411,-0.779,-1.094,0.171
900,44,195.963,150.268,196.022,-3.324,0.74,-3.163
900,45,201.84,132.448,178.133,0.443,-0.338,1.125
900,46,208.775,119.558,131.518,-1.332,-0.73,1.465
900,47,212.476,100.213,84.439,-3.219,-2.005,-1.371
900,48,206.507,76.69,49.353,3.805,-0.44,-0.306
900,49,205.351,60.66,33.476,5.964,3.457,2.337
900,50,129.169,223.955,197.54,-2.082,-1.569,-2.882
900,51,131.893,226.724,188.33,-1.662,-3.096,2.53
900,52,128.104,211.363,171.188,-1.927,-1.724,2.044
900,53,147.106,181.066,174.023,-2.902,0.117,1.175
900,54,152.243,163.213,174.146,0.637,-1.196,1.988
900,55,153.753,140.233,161.514,-1.014,-1.913,-0.498
900,56,157.21,118.932,131.079,1.678,-0.646,0.564
900,57,167.953,83.352,84.55,-0.043,0.225,3.207
900,58,181.513,48.663,47.061,6.89,1.256,5.141
900,59,189.391,37.656,39.095,7.148,2.43,3.061
900,60,93.059,193.661,120.823,-1.591,-0.271,-0.097
900,61,76.281,213.912,124.773,-0.738,-3.153,7.288
900,62,78.186,212.473,152.811,2.353,-1.129,-0.035
900,63,92.166,197.375,169.041,-0.732,0.664,-0.223
900,64,114.304,174.453,167.832,-2.836,1.12,0.277
900,65,117.052,140.556,154.905,0.778,0.989,2.343
900,66,121.299,112.978,143.7,0.97,0.455,0.411
900,67,137.123,74.533,105.643,5.66,-1.953,-2.919
900,68,166.358,40.032,70.97,0.05,1.678,-0.482
900,69,183.781,28.737,60.139,0.737,1.943,3.746
900,70,47.746,153.467,58.951,-0.884,-5.898,4.57
900,71,43.122,181.587,82.921,0.656,-5.412,6.176
900,72,41.837,203.045,133.583,2.095,-4.907,6.46
900,73,53.476,202.144,171.585,1.995,-1.756,-1.109
900,74,75.091,173.487,184.534,-0.267,-1.238,-0.009
900,75,98.338,128.264,181.818,-1.118,1.434,-4.438
900,76,93.102,93.513,166.946,-0.808,0.764,3.721
900,77,99.186,60.425,149.306,4.79,7.557,2.018
900,78,135.861,30.908,119.327,3.769,0.301,-1.387
900,79,173.625,22.222,103.653,-0.152,0.446,1.621
900,80,41.9,120.352,51.096,-2.496,5.632,0.122
900,81,35.278,152.536,70.469,-0.277,-5.931,4.224
900,82,36.327,180.809,127.702,2.319,1.18,-0.918
900,83,38.934,187.944,174.355,-0.582,-0.839,-1.012
900,84,59.676,159.904,199.793,-2.401,1.528,-1.413
900,85,68.915,113.422,213.843,-3.808,-0.899,-2.568
900,86,73.211,72.163,194.147,-1.32,0.603,1.147
900,87,85.427,42.217,179.939,5.405,2.734,7.614
900,88,126.421,24.956,175.612,5.693,2.804,4.747
900,89,165.546,19.751,176.341,0.814,0.345,0.465
900,90,37.14,102.719,51.788,-1.181,6.232,0.834
900,91,33.844,114.902,67.951,-0.67,5.897,-0.523
900,92,26.233,147.219,126.99,1.213,0.889,-0.046
900,93,29.883,155.432,172.538,0.997,0.191,1.686
900,94,44.744,139.579,206.875,-0.696,1.188,-0.623
900,95,60.72,102.307,224.432,-3.536,-1.733,-0.887
900,96,64.21,69.339,213.007,-0.027,-1.225,-0.412
900,97,88.873,40.597,199.52,2.012,2.715,3.996
900,98,135.221,26.255,201.756,-0.986,1.021,-1.707
900,99,161.711,19.355,202.539,2.025,1.047,-1.529
999,0,246.255,249.239,243.698,1.502,-0.874,-1.331
999,1,251.125,246.831,232.102,-0.788,-0.927,1.001
999,2,252.133,241.169,215.71,-0.468,-1.524,0.107
999,3,251.799,228.557,196.566,-0.526,-1.197,0.31
999,4,251.112,216.218,183.795,-0.837,0.757,0.266
999,5,245.941,214.158,169.099,-0.996,-1.332,0.125
999,6,233.815,206.628,141.105,-0.841,-1.295,-0.608
999,7,200.788,205.33,80.056,-0.083,-1.323,-1.656
999,8,195.739,219.277,23.336,0.776,-3.264,2.331
999,9,196.315,225.37,11.722,0.282,-4.931,2.424
999,10,241.528,248.984,246.478,2.132,-0.973,-1.778
999,11,241.247,245.091,236.889,1.028,-1.274,-1.862
999,12,243.171,235.799,217.714,-0.34,-0.654,0.541
999,13,246.212,217.61,200.896,-0.449,1.543,0.128
999,14,248.022,205.5,187.231,-1.18,0.198,-0.308
999,15,245.034,193.236,167.561,-0.785,-0.364,-1.522
999,16,231.869,180.726,126.53,0.997,-1.478,0.174
999,17,216.861,172.213,86.658,0.371,0.148,1.74
999,18,206.613,177.888,40.882,-0.856,-0.709,-0.197
999,19,199.376,190.328,13.669,-1.724,-5.381,1.995
999,20,209.757,242.127,242.367,-2.683,-1.385,-1.337
999,21,210.722,231.492,232.585,-0.218,0.27,0.296
999,22,216.775,208.564,220.736,-0.124,-0.441,0.028
999,23,227.313,186.728,212.863,0.172,-0.782,-0.168
999,24,236.799,165.679,204.599,-0.929,-1.11,0.317
999,25,239.023,156.988,168.719,-0.369,1.202,-0.261
999,26,236.944,146.207,120.749,-0.197,-0.498,0.692
999,27,231.893,141.917,87.633,-1.832,0.277,0.165
999,28,209.404,140.667,44.926,-0.753,-1.723,0.104
999,29,199.202,137.924,23.74,-2.809,1.168,1.411
999,30,161.444,224.857,235.751,2.399,1.563,-1.7
999,31,173.664,222.708,227.163,-0.037,-0.424,-0.301
999,32,198.614,197.012,221.777,-0.502,-0.54,0.042
999,33,213.027,165.104,214.078,1.173,-1.5,1.231
999,34,219.628,143.788,210.955,-0.819,0.897,0.716
999,35,227.886,133.302,178.955,-1.041,1.086,-0.04
999,36,234.812,126.512,120.543,-2.73,1.251,3.221
999,37,237.712,124.519,89.277,-3.209,-0.375,1.82
999,38,224.539,117.402,52.525,-3.403,-0.187,-0.144
999,39,208.251,110.677,26.179,-2.784,-0.331,1.922
999,40,146.652,224.401,228.484,1.785,1.964,-3.583
999,41,152.571,222.586,221.027,1.92,1.812,-3.166
999,42,170.523,202.476,197.975,-0.468,-0.407,1.857
999,43,189.187,170.815,195.146,-0.237,-1.786,0.265
999,44,195.754,152.473,195.809,0.209,-2.205,0.213
999,45,203.041,131.827,178.176,-1.201,0.621,-0.043
999,46,208.775,119.558,131.518,-0.0,-0.0,0.0
999,47,214.037,101.231,81.915,-1.561,-1.018,2.524
999,48,207.635,76.512,48.205,-1.128,0.178,1.148
999,49,207.894,61.966,29.728,-2.543,-1.306,3.748
999,50,129.641,223.411,203.054,-0.472,0.544,-5.514
999,51,132.095,227.672,187.723,-0.202,-0.948,0.607
999,52,128.733,212.417,170.112,-0.629,-1.054,1.076
999,53,145.977,184.679,173.882,1.129,-3.613,0.141
999,54,152.243,163.213,174.146,-0.0,-0.0,0.0
999,55,153.753,140.233,161.514,-0.0,-0.0,-0.0
999,56,154.668,117.232,126.133,2.542,1.7,4.946
999,57,167.352,83.25,81.559,0.601,0.102,2.991
999,58,181.008,47.821,44.571,0.505,0.842,2.49
999,59,192.444,34.758,36.366,-3.053,2.898,2.729
999,60,93.844,195.08,122.932,-0.785,-1.419,-2.109
999,61,74.331,214.963,121.582,1.95,-1.051,3.191
999,62,77.796,214.397,153.238,0.39,-1.924,-0.427
999,63,92.283,198.738,170.777,-0.117,-1.363,-1.736
999,64,113.424,176.638,167.987,0.88,-2.185,-0.155
999,65,117.267,139.02,152.3,-0.215,1.536,2.605
999,66,120.84,113.253,142.601,0.459,-0.275,1.099
999,67,135.432,77.824,104.602,1.691,-3.291,1.041
999,68,166.198,36.197,74.527,0.16,3.835,-3.557
999,69,188.888,26.345,61.116,-5.107,2.392,-0.977
999,70,48.114,153.272,56.322,-0.368,0.195,2.629
999,71,39.467,187.691,82.596,3.655,-6.104,0.325
999,72,39.71,207.468,133.837,2.127,-4.423,-0.254
999,73,54.465,205.139,173.223,-0.989,-2.995,-1.638
999,74,74.937,175.25,185.501,0.154,-1.763,-0.967
999,75,98.613,128.385,185.237,-0.275,-0.121,-3.419
999,76,95.03,94.525,164.344,-1.928,-1.012,2.602
999,77,98.0,55.33,148.196,1.186,5.095,1.11
999,78,137.751,27.762,121.671,-1.89,3.146,-2.344
999,79,176.384,20.446,105.898,-2.759,1.776,-2.245
999,80,42.68,119.105,47.672,-0.78,1.247,3.424
999,81,37.393,153.031,67.752,-2.115,-0.495,2.717
999,82,33.136,182.158,129.619,3.191,-1.349,-1.917
999,83,39.513,189.422,175.685,-0.579,-1.478,-1.33
999,84,58.773,161.265,203.262,0.903,-1.361,-3.469
999,85,71.332,116.189,215.644,-2.417,-2.767,-1.801
999,86,63.477,64.525,198.607,9.734,7.638,-4.46
999,87,81.702,41.037,176.822,3.725,1.18,3.117
999,88,125.388,24.38,173.119,1.033,0.576,2.493
999,89,168.143,19.263,175.455,-2.597,0.488,0.886
999,90,36.648,103.596,47.308,0.492,-0.877,4.48
999,91,30.57,114.768,67.356,3.274,0.134,0.595
999,92,25.101,146.549,126.748,1.132,0.67,0.242
999,93,27.059,156.219,173.269,2.824,-0.787,-0.731
999,94,43.039,141.538,208.708,1.705,-1.959,-1.833
999,95,52.838,92.464,225.345,7.882,9.843,-0.913
999,96,50.75,54.804,214.935,13.46,14.535,-1.928
999,97,79.228,34.82,201.272,9.645,5.777,-1.752
999,98,137.534,28.268,202.238,-2.313,-2.013,-0.482
999,99,160.546,20.926,202.965,1.165,-1.571,-0.426
